City_ID,City,Lat,Lng,Max Temp,Humidity,Cloudiness,Wind Speed,Country,Date
0,okha,53.5739,142.9478,15.93,88,100,3.76,RU,1724261344
1,invercargill,-46.4,168.35,3.34,92,42,0.45,NZ,1724261345
2,termas de rio hondo,-27.4998,-64.8604,14.25,74,100,2.71,AR,1724261346
3,yellowknife,62.456,-114.3525,11.9,83,100,8.75,CA,1724261347
4,isafjordur,66.0755,-23.124,7.02,81,75,8.75,IS,1724261348
5,college,64.8569,-147.8028,8.97,80,100,2.57,US,1724261349
6,waitangi,-43.9535,-176.5597,7.12,94,90,1.34,NZ,1724261351
7,albany,42.6001,-73.9662,20.88,58,17,0.89,US,1724261154
8,happy valley-goose bay,53.3168,-60.3315,20.17,40,20,3.6,CA,1724261353
9,nemuro,43.3236,145.575,16.66,90,79,5.29,JP,1724261065
10,priozersk,61.0393,30.1291,17.75,92,99,3.09,RU,1724261355
11,cambria,35.5641,-121.0808,27.36,46,0,2.35,US,1724261356
12,chon daen,16.1895,100.8596,25.22,88,100,0.52,TH,1724261357
13,port elizabeth,-33.918,25.5701,13.16,82,0,16.46,ZA,1724261359
14,ancud,-41.8697,-73.8203,5.55,88,60,2.87,CL,1724261360
15,wailua homesteads,22.0669,-159.378,25.44,90,75,6.69,US,1724261361
16,ribeira grande,38.5167,-28.7,28.22,61,20,3.09,PT,1724261362
17,susuman,62.7833,148.1667,4.05,89,42,1.51,RU,1724261363
18,dudinka,69.4058,86.1778,14.07,64,100,2.85,RU,1724261364
19,birao,10.2849,22.7882,23.04,93,100,3.09,CF,1724261365
20,manalongon,9.2209,122.886,27.79,79,100,0.95,PH,1724261367
21,ushuaia,-54.8,-68.3,7.81,57,0,5.66,AR,1724261310
22,afaahiti,-17.75,-149.2833,22.91,66,77,11.69,PF,1724261369
23,port lincoln,-34.7333,135.8667,11.63,90,43,3.83,AU,1724261370
24,piste,20.7,-88.5833,31.03,70,40,0.0,MX,1724261371
25,puerto natales,-51.7236,-72.4875,3.25,87,20,1.03,CL,1724261372
26,hermanus,-34.4187,19.2345,11.0,58,56,6.11,ZA,1724261375
27,hawaiian paradise park,19.5933,-154.9731,22.72,92,94,0.45,US,1724261376
28,new norfolk,-42.7826,147.0587,11.62,69,48,4.15,AU,1724261377
29,tiksi,71.6872,128.8694,3.26,90,43,2.48,RU,1724261378
30,arraial do cabo,-22.9661,-42.0278,25.98,73,20,4.63,BR,1724261379
31,volchikha,52.0333,80.3833,17.81,57,84,1.86,RU,1724261381
32,lompoc,34.6391,-120.4579,24.52,60,0,3.09,US,1724261123
33,qina,26.1642,32.7267,38.38,6,0,6.63,EG,1724261383
34,presidente olegario,-18.4178,-46.4181,31.13,16,0,4.14,BR,1724261384
35,bethel,41.3712,-73.414,21.99,60,75,2.06,US,1724261191
36,heroica guaymas,27.9333,-110.9,32.65,70,20,0.0,MX,1724261268
37,punta arenas,-53.15,-70.9167,7.06,70,20,8.23,CL,1724261388
38,margaret river,-33.95,115.0667,10.6,81,100,3.56,AU,1724261389
39,colares,38.7992,-9.4469,24.07,74,20,6.17,PT,1724261390
40,stanley,54.868,-1.6985,16.82,78,75,7.72,GB,1724261106
41,blackmans bay,-43.0167,147.3167,10.96,60,64,0.89,AU,1724261392
42,grytviken,-54.2811,-36.5092,-4.6,71,31,10.18,GS,1724261393
43,neftegorsk,52.802,51.166,16.44,53,0,3.62,RU,1724261397
44,taulaga,-11.0553,-171.0883,27.27,78,78,8.75,AS,1724261398
45,nyurba,63.2842,118.3319,13.61,88,95,1.95,RU,1724261399
46,tralee,52.2704,-9.7026,18.14,72,100,9.26,IE,1724261401
47,ghat,24.9647,10.1728,41.0,9,26,3.37,LY,1724261402
48,mangrol,21.1167,70.1167,27.85,86,100,4.7,IN,1724261403
49,ekibastuz,51.6667,75.3667,18.91,55,82,2.92,KZ,1724261404
50,orchard homes,46.8633,-114.0484,22.08,43,0,3.6,US,1724261405
51,kapuskasing,49.4169,-82.4331,20.05,49,40,2.06,CA,1724261406
52,tolanaro,-25.0319,46.9987,22.04,64,20,7.2,MG,1724261407
53,bilibino,68.0546,166.4372,5.73,96,100,1.46,RU,1724261409
54,tyazhinskiy,56.116,88.524,13.7,94,57,5.67,RU,1724261410
55,longyearbyen,78.2186,15.6401,11.91,76,75,9.26,SJ,1724261411
56,talnakh,69.4865,88.3972,14.44,71,99,2.53,RU,1724261412
57,puerto ayora,-0.7393,-90.3518,20.86,92,86,3.58,EC,1724261413
58,stuttgart,48.7823,9.177,21.01,49,0,5.14,DE,1724260946
59,port-aux-francais,-49.35,70.2167,2.99,91,92,13.98,TF,1724261416
60,ust-nera,64.5667,143.2,7.2,70,32,2.35,RU,1724261417
61,udachny,66.4167,112.4,12.61,87,61,1.67,RU,1724261418
62,vodnyy,63.5046,53.4095,10.68,76,10,2.5,RU,1724261419
63,whitehorse,60.7161,-135.0538,8.94,81,20,1.54,CA,1724261420
64,nuuk,64.1835,-51.7216,8.34,71,75,5.14,GL,1724261421
65,edinburgh of the seven seas,-37.0676,-12.3116,11.14,72,22,15.56,SH,1724261422
66,al bayda',32.7627,21.7551,22.83,82,1,5.32,LY,1724261424
67,atafu village,-8.5421,-172.5159,27.99,76,93,9.84,TK,1724261425
68,tambovka,50.0969,128.0489,15.2,86,100,2.46,RU,1724261426
69,uturoa,-16.7333,-151.4333,25.45,59,56,10.66,PF,1724261427
70,kerikeri,-35.2268,173.9474,7.17,92,16,1.51,NZ,1724261428
71,laguna salada,19.6483,-71.0945,33.79,63,0,1.79,DO,1724261429
72,petrolina,-9.3986,-40.5008,32.03,33,20,5.14,BR,1724261307
73,santo antonio do ica,-3.1022,-67.9397,38.38,26,8,1.26,BR,1724261433
74,newborough,52.6389,-0.2233,20.57,54,75,9.26,GB,1724261434
75,kingston,17.997,-76.7936,34.53,66,20,4.12,JM,1724261203
76,lebu,-37.6167,-73.65,10.18,72,100,6.75,CL,1724261436
77,smithers,54.7804,-127.1743,11.18,87,100,1.54,CA,1724261437
78,yakeshi,49.2833,120.7333,13.28,69,100,1.17,CN,1724261439
79,haiku-pauwela,20.9219,-156.3051,24.59,80,33,4.47,US,1724261158
80,cabo san lucas,22.8909,-109.9124,33.75,52,0,5.14,MX,1724261441
81,mount gambier,-37.8333,140.7667,7.01,97,100,2.19,AU,1724261442
82,iqaluit,63.7506,-68.5145,18.85,55,40,8.23,CA,1724261443
83,aras-asan,8.8908,126.3033,26.32,85,99,2.19,PH,1724261444
84,iskateley,67.6803,53.1512,6.68,95,63,2.92,RU,1724261445
85,sault ste. marie,46.5168,-84.3333,22.16,37,0,4.12,CA,1724261447
86,oranjemund,-28.55,16.4333,13.6,75,25,11.13,NA,1724261448
87,adamstown,-25.066,-130.1015,16.74,57,98,8.54,PN,1724261449
88,tazovsky,67.4667,78.7,10.0,80,25,1.72,RU,1724261450
89,radomyshl,50.4961,29.2291,24.98,23,21,2.06,UA,1724261451
90,west island,-12.1568,96.8225,26.99,83,100,2.57,CC,1724261452
91,kone,-21.0595,164.8658,15.69,92,0,2.21,NC,1724261453
92,katabu,-4.9333,122.5167,23.69,91,81,2.02,ID,1724261455
93,ola,59.5833,151.2833,11.89,84,98,3.11,RU,1724261456
94,cill airne,52.05,-9.5167,18.03,72,100,9.26,IE,1724261457
95,okhotsk,59.3833,143.3,13.51,81,78,3.65,RU,1724261458
96,nizhniy odes,63.6445,54.856,11.12,74,11,2.47,RU,1724261459
97,greymouth,-42.4667,171.2,3.55,94,98,2.98,NZ,1724261461
98,kavieng,-2.5744,150.7967,27.96,80,68,7.07,PG,1724261462
99,loushanguan,28.1375,106.82,22.02,87,0,1.9,CN,1724261463
100,sinabang,2.4803,96.3801,26.44,79,100,2.22,ID,1724261464
101,baihar,22.1,80.55,24.32,95,100,1.63,IN,1724261465
102,bredasdorp,-34.5322,20.0403,7.42,67,31,3.5,ZA,1724261467
103,anadyr,64.75,177.4833,6.28,100,40,4.0,RU,1724261468
104,chibougamau,49.9168,-74.3659,19.79,40,20,4.12,CA,1724261469
105,barmer,25.75,71.3833,30.96,58,31,5.35,IN,1724261470
106,kloulklubed,7.0419,134.2556,29.43,69,91,1.91,PW,1724261471
107,remire-montjoly,4.9167,-52.2667,32.02,70,75,3.09,GF,1724261472
108,lichinga,-13.3128,35.2406,16.05,72,20,1.54,MZ,1724261473
109,hillsborough,37.5741,-122.3794,22.45,71,40,4.12,US,1724261475
110,toliara,-23.35,43.6667,21.74,62,0,3.98,MG,1724261476
111,san martin,-33.081,-68.4681,4.98,74,100,5.77,AR,1724261358
112,praia da vitoria,38.7333,-27.0667,27.09,73,40,3.23,PT,1724261478
113,skiathos,39.1623,23.4909,27.09,74,0,2.57,GR,1724261479
114,badger,64.8,-147.5333,8.93,81,100,2.57,US,1724261481
115,cadillac,44.2519,-85.4012,19.95,49,0,3.09,US,1724261324
116,keflavik,64.0049,-22.5624,9.24,81,0,10.8,IS,1724261483
117,acajutla,13.5928,-89.8275,30.05,64,6,2.95,SV,1724261484
118,sao geraldo do araguaia,-6.4006,-48.555,39.41,16,0,3.71,BR,1724261486
119,egilsstadir,65.2653,-14.3948,6.95,81,100,5.14,IS,1724261487
120,tamanrasset,22.785,5.5228,32.95,24,40,5.14,DZ,1724261488
121,ilulissat,69.2167,-51.1,5.01,81,75,2.57,GL,1724261490
122,touros,-5.1989,-35.4608,27.69,66,3,8.26,BR,1724261491
123,olonkinbyen,70.9221,-8.7187,4.54,90,86,3.79,SJ,1724261492
124,russkaya polyana,49.417,31.9201,25.93,23,100,0.94,UA,1724261494
125,fomboni,-12.28,43.7425,25.55,60,8,5.25,KM,1724261495
126,colonia,50.9333,6.95,21.18,50,0,5.14,DE,1724261386
127,papatowai,-46.5619,169.4708,4.52,85,24,2.72,NZ,1724261497
128,duyun,26.2667,107.5167,21.92,98,6,1.49,CN,1724261498
129,latakia,35.5148,35.7768,29.1,75,3,4.92,SY,1724261501
130,nouna,12.7333,-3.8667,27.01,80,80,2.63,BF,1724261502
131,nanyang,32.9947,112.5328,25.1,88,1,0.52,CN,1724261503
132,sangsong-ni,39.1694,126.8856,24.1,100,100,1.57,KP,1724261504
133,hirara,24.8,125.2833,28.92,94,40,4.12,JP,1724261505
134,porbandar,21.6422,69.6093,28.17,82,93,4.61,IN,1724261507
135,kiffa,16.6166,-11.4045,33.67,44,43,3.81,MR,1724261508
136,selimpasa,41.0558,28.379,25.2,75,71,6.57,TR,1724261510
137,fort st. john,56.2499,-120.8529,10.94,82,100,8.75,CA,1724261511
138,polyarnyy,69.1989,33.4478,15.96,61,98,5.38,RU,1724261512
139,petawawa,45.9001,-77.3328,21.77,44,75,4.63,CA,1724261513
140,hasaki,35.7333,140.8333,25.59,87,100,4.23,JP,1724261515
141,mugia,43.1041,-9.2179,19.95,81,0,10.09,ES,1724261516
142,armacao de buzios,-22.7469,-41.8817,26.09,80,43,4.47,BR,1724261517
143,kochi,9.9399,76.2602,25.99,85,95,1.99,IN,1724261518
144,dadhar,29.4753,67.6514,35.43,47,0,5.84,PK,1724261519
145,kurumkan,54.3,110.3,14.76,75,18,0.69,RU,1724261521
146,zaozersk,69.4005,32.4476,15.91,61,82,4.52,RU,1724261522
147,akrehamn,59.2667,5.1833,16.14,67,40,5.66,NO,1724261523
148,port mathurin,-19.6833,63.4167,21.17,69,100,13.13,MU,1724261524
149,tabora,-5.0167,32.8,25.0,26,55,2.35,TZ,1724261525
150,suratgarh,29.3167,73.9,35.55,41,100,3.47,IN,1724261526
151,avarua,-21.2078,-159.775,23.03,83,20,7.72,CK,1724261527
152,sao miguel do araguaia,-13.275,-50.1628,37.49,14,7,3.38,BR,1724261529
153,georgetown,5.4112,100.3354,26.97,89,20,1.03,MY,1724261281
154,hilo,19.7297,-155.09,22.84,91,67,1.34,US,1724261468
155,sao vicente,-23.9631,-46.3919,24.98,57,0,4.12,BR,1724261257
156,fort-shevchenko,44.5086,50.263,27.3,50,0,4.82,KZ,1724261533
157,rengo,-34.4167,-70.8667,14.18,67,90,2.83,CL,1724261528
158,zakamensk,50.3741,103.2863,11.64,98,4,0.14,RU,1724261536
159,gadzhiyevo,69.2551,33.3362,16.22,61,99,5.15,RU,1724261537
160,hamilton,39.1834,-84.5333,23.82,47,0,4.12,US,1724261502
161,constantia,44.1833,28.65,26.5,69,97,2.66,RO,1724261539
162,sao joao da barra,-21.6403,-41.0511,28.05,76,57,5.48,BR,1724261540
163,bac lieu,9.285,105.7244,27.82,82,70,3.01,VN,1724261541
164,la ronge,55.1001,-105.2842,25.12,41,40,2.06,CA,1724261543
165,hithadhoo,-0.6,73.0833,28.55,75,100,4.16,MV,1724261544
166,victorica,-36.2151,-65.4359,3.2,95,100,6.14,AR,1724261545
167,laguna,38.421,-121.4238,25.13,46,0,3.6,US,1724261546
168,cova figueira,14.8905,-24.2934,21.03,67,88,1.48,CV,1724261548
169,funadhoo,6.15,73.2667,27.77,78,99,7.59,MV,1724261550
170,kralendijk,12.15,-68.2667,32.99,58,20,5.14,BQ,1724261551
171,utrik,11.2278,169.8474,27.95,74,64,4.45,MH,1724261552
172,codrington,-38.2667,141.9667,8.15,94,94,4.37,AU,1724261553
173,weno,7.4515,151.8468,26.97,89,100,2.06,FM,1724261554
174,tommot,58.9564,126.2925,12.35,98,76,1.63,RU,1724261555
175,palmer,42.1584,-72.3287,22.47,51,75,0.0,US,1724261556
176,broken hill,-31.95,141.4333,12.43,56,100,2.77,AU,1724261558
177,la plata,-34.9215,-57.9545,11.71,99,100,2.85,AR,1724261110
178,antofagasta,-23.65,-70.4,14.6,77,46,6.97,CL,1724261184
179,kokpekty,48.75,82.4,15.73,77,39,0.19,KZ,1724261561
180,shingu,33.7333,135.9833,25.72,89,94,1.71,JP,1724261562
181,al kharijah,25.4514,30.5464,35.48,18,0,4.39,EG,1724261563
182,chonchi,-42.6128,-73.8092,10.07,77,68,1.71,CL,1724261538
183,al jawf,29.5,38.75,34.39,15,0,4.83,SA,1724261566
184,champerico,14.3,-91.9167,29.47,75,9,3.11,GT,1724261567
185,santa rosa,14.3122,121.1114,28.99,93,100,0.93,PH,1724261568
186,keningau,5.3378,116.1602,21.45,98,97,0.4,MY,1724261569
187,al bardiyah,31.7561,25.0865,27.35,71,0,2.96,LY,1724261570
188,tazacorte,28.629,-17.9293,25.54,73,20,6.17,ES,1724261571
189,berdigestyakh,62.0989,126.6992,13.3,95,96,1.81,RU,1724261573
190,aswan,24.0934,32.907,41.61,6,0,3.09,EG,1724261574
191,vorgashor,67.5833,63.95,8.16,90,98,3.19,RU,1724261575
192,kununurra,-15.7667,128.7333,19.99,83,6,0.0,AU,1724261576
193,wenling,28.3669,121.36,26.98,91,76,2.54,CN,1724261577
194,qaqortoq,60.7167,-46.0333,5.68,78,11,3.36,GL,1724261578
195,priargunsk,50.3691,119.1012,14.54,97,92,2.82,RU,1724261579
196,konarka,19.9,86.1167,28.92,85,92,7.96,IN,1724261290
197,piranshahr,36.701,45.1413,22.93,35,15,1.42,IR,1724261582
198,jamestown,42.097,-79.2353,17.79,58,75,6.17,US,1724261583
199,port alfred,-33.5906,26.891,14.54,70,45,6.26,ZA,1724261584
200,la passe,45.5549,-0.8967,20.7,51,15,5.13,FR,1724261585
201,xinqing,48.2333,129.5,18.67,98,97,0.64,CN,1724261586
202,petropavlovsk-kamchatsky,53.0452,158.6483,7.33,81,0,2.0,RU,1724261588
203,kolonia,50.9333,6.95,21.18,50,0,5.14,DE,1724261386
204,alice springs,-23.7,133.8833,15.75,44,1,2.57,AU,1724261590
205,khovd,48.0056,91.6419,19.73,27,66,3.05,MN,1724261591
206,svetlogorsk,52.6333,29.7333,23.67,52,85,3.79,BY,1724261594
207,eastham,41.8301,-69.9739,23.01,59,0,5.14,US,1724261595
208,kailua-kona,19.6406,-155.9956,25.33,98,100,3.6,US,1724261596
209,monrovia,6.3005,-10.7969,25.14,86,100,4.65,LR,1724261414
210,katsuren-haebaru,26.3369,127.8719,30.01,89,20,5.14,JP,1724261598
211,geraldton,-28.7667,114.6,15.23,82,87,6.17,AU,1724261599
212,elliot,-31.3333,27.85,14.12,27,1,3.0,ZA,1724261601
213,limassol,34.675,33.0333,30.04,58,0,7.72,CY,1724261598
214,bikenibeu village,1.3673,173.1241,26.98,78,20,4.12,KI,1724261603
215,nguigmi,14.2495,13.1092,32.45,46,25,0.73,NE,1724261604
216,kodiak,57.79,-152.4072,12.73,71,100,2.57,US,1724261605
217,mil'kovo,55.6078,37.7956,21.3,53,70,3.41,RU,1724261608
218,fale old settlement,-9.3852,-171.2468,27.91,77,100,8.92,TK,1724261609
219,aksu,41.1231,80.2644,25.76,33,34,1.69,CN,1724261611
220,pauini,-7.7136,-66.9764,37.04,27,35,1.78,BR,1724261612
221,djibouti,11.5,42.5,26.36,64,28,2.64,DJ,1724261613
222,balabac,7.9868,117.0645,26.64,86,100,2.38,PH,1724261615
223,boende,-0.2167,20.8667,22.03,97,100,0.89,CD,1724261616
224,namtsy,62.7161,129.6658,11.91,93,63,1.8,RU,1724261617
225,natal,-5.795,-35.2094,30.36,61,20,9.26,BR,1724261606
226,sur,22.5667,59.5289,28.88,71,0,7.81,OM,1724261619
227,puerto aysen,-45.4,-72.7,6.47,94,100,0.76,CL,1724261414
228,kpandae,8.4689,-0.0113,26.56,78,99,0.99,GH,1724261622
229,salah bey,35.8545,5.2905,28.65,16,77,4.7,DZ,1724261623
230,riyadh,24.6877,46.7219,37.94,21,59,6.74,SA,1724261378
231,bonthe,7.5264,-12.505,24.14,93,100,4.62,SL,1724261625
232,alofi,-19.0595,-169.9187,22.94,94,75,6.69,NU,1724261427
233,sisa,-6.6167,-76.6915,35.53,32,7,1.75,PE,1724261627
234,klyuchi,52.2667,79.1667,18.58,58,86,2.7,RU,1724261628
235,mirny,62.5353,113.9611,14.6,77,87,2.21,RU,1724261630
236,kamloops,50.6665,-120.3192,20.42,55,75,2.57,CA,1724261631
237,iwon-up,40.3231,128.6553,24.41,94,98,1.89,KP,1724261632
238,vasil'yevo,55.836,48.6582,13.72,81,49,2.15,RU,1724261633
239,sutton,51.35,-0.2,19.65,63,40,6.17,GB,1724261634
240,glace bay,46.1969,-59.957,27.72,67,75,2.57,CA,1724261635
241,kasane,-17.8167,25.15,21.03,17,3,3.05,BW,1724261367
242,cabinda,-5.55,12.2,24.08,78,75,3.09,AO,1724261638
243,nova sintra,14.8667,-24.7167,26.31,67,81,3.24,CV,1724261639
244,daru,-9.0763,143.2092,24.46,86,100,8.83,PG,1724261640
245,carnarvon,-24.8667,113.6333,19.61,73,2,5.77,AU,1724261641
246,inhambane,-23.865,35.3833,20.11,75,0,3.92,MZ,1724261642
247,tosontsengel,48.7567,98.2839,13.49,79,39,1.7,MN,1724261644
248,es castell,39.8795,4.2854,27.38,61,0,3.09,ES,1724261645
249,cannonvale,-20.2833,148.7,19.66,78,92,3.49,AU,1724261646
250,hadibu,12.65,54.0333,25.92,78,55,8.77,YE,1724261647
251,hakui,36.8833,136.7833,24.86,92,100,1.73,JP,1724261648
252,pangoa,-12.1167,-73.0,34.09,33,64,2.89,PE,1724261649
253,bantay,17.5847,120.3892,27.34,82,57,2.15,PH,1724261651
254,hailey,43.5196,-114.3153,24.41,30,69,2.24,US,1724261652
255,fort morgan,40.2503,-103.8,27.36,50,0,0.0,US,1724261594
256,la'ie,21.6477,-157.9253,27.98,77,23,2.68,US,1724261654
257,camiri,-20.05,-63.5167,28.88,37,1,0.0,BO,1724261655
258,anisoc,1.8658,10.7689,21.93,97,81,0.94,GQ,1724261656
259,vila franca do campo,37.7167,-25.4333,27.23,74,73,0.58,PT,1724261658
260,beni khalled,36.6504,10.59,26.76,57,0,7.35,TN,1724261659
261,tirumullaivasal,11.2333,79.8333,27.26,75,92,7.46,IN,1724261660
262,mhamid,29.82,-5.72,38.07,21,41,9.17,MA,1724261661
263,camarinas,43.1311,-9.1817,19.96,80,0,9.64,ES,1724261662
264,rampura,30.25,75.2333,29.86,66,43,2.47,IN,1724261663
265,taoudenni,22.6783,-3.9836,45.28,11,10,2.94,ML,1724261665
266,vorkuta,67.5,64.0,8.39,91,98,2.84,RU,1724261666
267,olavarria,-36.8927,-60.3225,6.52,97,100,4.89,AR,1724261399
268,pukchil-lodongjagu,40.2019,125.7483,22.01,99,100,1.08,KP,1724261668
269,katsuura,35.1333,140.3,26.11,87,100,3.87,JP,1724261669
270,lago da pedra,-4.3333,-45.1667,38.8,22,0,2.27,BR,1724261670
271,vilyuchinsk,52.9306,158.4028,8.15,73,94,4.08,RU,1724261671
272,urengoy,65.9667,78.3667,13.23,70,94,1.48,RU,1724261673
273,port macquarie,-31.4333,152.9167,14.48,99,100,1.34,AU,1724261674
274,sodra sandby,56.5667,16.6167,17.72,83,95,5.37,SE,1724261675
275,port saint john's,-31.6229,29.5448,17.8,70,41,11.41,ZA,1724261676
276,ravar,31.2656,56.8055,29.14,13,0,1.32,IR,1724261677
277,baki,-7.6128,110.7839,22.37,82,56,1.86,ID,1724261678
278,goundam,16.4145,-3.6708,35.9,35,78,3.44,ML,1724261680
279,cole harbour,44.6724,-63.4751,24.42,80,75,3.6,CA,1724261681
280,manokwari,-0.8667,134.0833,25.1,82,94,2.19,ID,1724261682
281,namibe,-15.1961,12.1522,17.93,85,9,1.64,AO,1724261683
282,galle,6.0367,80.217,26.63,84,100,0.45,LK,1724261684
283,naryn,41.4287,75.9911,12.75,48,81,0.53,KG,1724261685
284,sitka,57.0531,-135.33,12.94,82,0,0.0,US,1724261594
285,itoman,26.1247,127.6694,30.01,86,75,5.66,JP,1724261689
286,kruisfontein,-34.0033,24.7314,11.44,64,82,12.1,ZA,1724261690
287,santa elena de uairen,4.6167,-61.1333,26.81,53,50,3.67,VE,1724261691
288,thompson,55.7435,-97.8558,24.09,73,75,1.54,CA,1724261692
289,san luis de la loma,17.2706,-100.8939,31.18,67,33,4.08,MX,1724261694
290,saipan,15.1355,145.701,28.39,89,75,3.09,MP,1724261501
291,thabazimbi,-24.5917,27.4116,18.78,21,2,0.53,ZA,1724261696
292,balqash,46.8481,74.995,22.29,50,96,3.28,KZ,1724261697
293,as sulayyil,20.4607,45.5779,31.15,49,72,9.4,SA,1724261698
294,holualoa,19.6228,-155.9522,23.26,99,100,3.6,US,1724261699
295,jiuquan,39.7432,98.5174,23.76,29,60,1.97,CN,1724261701
296,gushu,31.5598,118.4829,24.36,88,22,2.32,CN,1724261702
297,genhe,50.7833,121.5167,12.63,91,100,1.45,CN,1724261703
298,mangaratiba,-22.9597,-44.0406,23.18,74,5,2.98,BR,1724261705
299,pangkalanbuun,-2.6833,111.6167,23.09,100,100,0.45,ID,1724261706
300,vadso,70.0744,29.7487,18.09,63,75,5.14,NO,1724261707
301,pangody,65.85,74.4859,13.47,63,82,2.32,RU,1724261708
302,senanga,-16.1167,23.2667,20.72,16,9,3.28,ZM,1724261709
303,jutai,-5.1833,-68.9,35.39,35,38,1.58,BR,1724261710
304,lautoka,-17.6167,177.4667,23.92,69,20,3.09,FJ,1724261712
305,shiyan,32.6475,110.7781,23.99,89,0,1.56,CN,1724261713
306,galliano,29.4422,-90.2992,32.0,48,0,2.57,US,1724261714
307,slave lake,55.2834,-114.769,17.99,68,75,4.12,CA,1724261715
308,san mariano,7.5,126.0,22.77,94,100,0.9,PH,1724261716
309,myitkyina,25.3833,97.4,24.17,99,100,0.42,MM,1724261718
310,yanjiang,30.1211,104.6481,28.97,73,32,1.39,CN,1724261719
311,hobyo,5.3505,48.5268,25.22,74,96,11.18,SO,1724261720
312,yanam,16.7333,82.2167,27.16,90,100,1.54,IN,1724261721
313,kegen,43.0197,79.2203,12.27,71,93,2.05,KZ,1724261722
314,san juan de miraflores,-12.1629,-76.9635,18.98,78,44,4.73,PE,1724261723
315,prado,-17.3411,-39.2208,26.06,64,0,3.72,BR,1724261725
316,libreville,0.3925,9.4537,26.01,78,20,3.09,GA,1724261727
317,yung shue wan,22.2333,114.1167,27.68,87,100,1.21,HK,1724261728
318,hami,42.8,93.45,31.0,21,90,3.03,CN,1724261729
319,piti village,13.4626,144.6933,28.03,88,0,2.06,GU,1724261731
320,aghajari,30.7006,49.8315,34.12,66,0,3.09,IR,1724261733
321,port-gentil,-0.7193,8.7815,25.98,73,40,4.12,GA,1724261734
322,knyaze-volkonskoye,48.4642,135.4567,20.19,83,100,2.66,RU,1724261735
323,ndele,8.4109,20.6473,21.17,98,98,2.82,CF,1724261736
324,usinsk,65.9939,57.5281,13.04,73,86,3.52,RU,1724261737
325,southeast arcadia,27.1863,-81.8521,31.14,50,30,5.66,US,1724261739
326,leh,34.1667,77.5833,13.97,51,35,3.1,IN,1724261459
327,aasiaat,68.7098,-52.8699,2.03,81,91,3.91,GL,1724261741
328,bayanaul,50.7889,75.6956,16.94,55,83,0.75,KZ,1724261742
329,lorengau,-2.0226,147.2712,27.02,83,27,5.15,PG,1724261743
330,margate,51.3813,1.3862,19.93,63,98,0.45,GB,1724261707
331,brumadinho,-20.1433,-44.1997,33.21,16,0,3.53,BR,1724261747
332,kargil,34.5667,76.1,11.5,55,26,2.53,IN,1724261748
333,saldanha,-33.0117,17.9442,10.03,53,37,7.1,ZA,1724261749
334,kyren,51.6828,102.1408,14.11,90,4,1.08,RU,1724261751
335,coyuca de catalan,18.3333,-100.65,30.47,66,43,0.32,MX,1724261705
336,tobelo,1.7284,128.0095,26.6,81,97,1.21,ID,1724261753
337,san patricio,28.017,-97.5169,35.97,33,12,1.99,US,1724261755
338,st. john's,47.5649,-52.7093,23.66,91,75,7.72,CA,1724261756
339,patterson,37.4716,-121.1297,27.19,24,0,2.75,US,1724261758
340,tortoli,39.9256,9.6572,29.43,77,0,1.54,IT,1724261759
341,machico,32.7,-16.7667,26.35,61,20,10.8,PT,1724261760
342,vuktyl,63.8567,57.3094,12.98,70,75,4.11,RU,1724261761
343,tidjikja,18.5564,-11.4271,34.7,37,36,5.33,MR,1724261762
344,karaton,-6.3424,106.1045,22.29,92,79,0.9,ID,1724261763
345,callao,-12.0667,-77.15,19.84,77,100,2.06,PE,1724261495
346,oakdale,44.963,-92.9649,24.11,67,20,3.6,US,1724261768
347,el haouaria,37.05,11.0144,28.01,74,0,8.6,TN,1724261769
348,shakiso,5.75,38.9167,13.42,94,100,0.54,ET,1724261772
349,vilyuysk,63.7553,121.6247,14.06,94,100,1.88,RU,1724261773
350,tamandare,-8.7597,-35.1047,26.52,74,26,5.03,BR,1724261774
351,isangel,-19.55,169.2667,21.47,85,53,4.37,VU,1724261775
352,sarai naurang,32.8259,70.7814,30.4,53,82,2.51,PK,1724261776
353,pangobilian,8.8011,117.8594,26.29,87,99,0.59,PH,1724261778
354,alo,6.5486,4.2686,24.7,87,88,4.47,NG,1724261779
355,reyes,-14.3167,-67.3833,35.98,49,20,4.12,BO,1724261780
356,ulladulla,-35.35,150.4667,14.47,65,96,3.53,AU,1724261781
357,weiser,44.251,-116.9693,25.73,40,9,1.52,US,1724261782
358,tangalle,6.024,80.7911,23.36,93,100,3.63,LK,1724261783
359,edgewater,28.9889,-80.9023,33.38,55,40,4.63,US,1724261785
360,yamada,39.4667,141.95,20.45,96,96,2.47,JP,1724261786
361,recani,31.2846,-4.2688,31.31,34,51,2.1,MA,1724261787
362,ta`u,-14.2336,-169.5144,26.06,81,89,8.63,AS,1724261788
363,atkarsk,51.8718,45.0078,20.41,44,44,5.4,RU,1724261789
364,luocheng,29.3848,104.0286,26.57,89,73,1.39,CN,1724261790
365,tryavna,42.8667,25.5,20.75,60,73,2.03,BG,1724261792
366,malango,-2.9627,119.9001,18.53,99,99,0.7,ID,1724261793
367,san andres,12.5847,-81.7006,31.01,74,40,7.2,CO,1724261794
368,kabinda,-6.1333,24.4833,24.77,20,93,2.28,CD,1724261795
369,flekkefjord,58.2971,6.6607,12.23,80,16,4.04,NO,1724261796
370,valkenswaard,51.3508,5.4597,19.57,61,100,2.06,NL,1724261797
371,mahibadhoo,3.7833,72.9667,27.71,78,86,5.79,MV,1724261799
372,walvis bay,-22.9575,14.5053,15.5,62,7,8.27,NA,1724261800
373,bayanhongor,46.7167,100.1167,11.02,85,100,1.05,MN,1724261801
374,revda,56.801,59.9303,8.79,96,87,1.69,RU,1724261802
375,kingscliff,-28.2667,153.5667,18.89,82,58,4.63,AU,1724261803
376,insuratei,44.9167,27.6,25.18,56,89,3.11,RO,1724261804
377,shimanovsk,52.0,127.7,16.44,53,100,2.2,RU,1724261805
378,enewetak,11.3474,162.3373,27.69,78,100,2.44,MH,1724261807
379,cyangugu,-2.4846,28.9075,19.9,61,100,0.72,RW,1724261808
380,perugorria,-29.3413,-58.6106,16.76,95,99,4.45,AR,1724261809
381,tura,25.5198,90.2201,24.23,98,100,2.59,IN,1724261810
382,luderitz,-26.6481,15.1594,17.63,63,0,10.23,NA,1724261811
383,allen,41.0706,-85.0144,22.21,42,20,2.06,US,1724261812
384,lichtenburg,-26.152,26.1597,15.01,16,0,2.56,ZA,1724261815
385,ramgarh,23.6333,85.5167,27.03,83,64,1.82,IN,1724261817
386,arkhangel'sk,64.5401,40.5433,14.06,88,0,0.0,RU,1724261818
387,puerto yuca,2.9383,-73.2083,34.66,40,8,0.79,CO,1724261820
388,al jaradiyah,16.5795,42.9124,30.74,60,94,1.15,SA,1724261821
389,bardai,11.65,7.2333,23.21,87,75,2.51,NG,1724261822
390,coronel dorrego,-38.7187,-61.2873,5.13,94,100,4.94,AR,1724261823
391,filey,54.21,-0.2892,17.1,76,100,3.13,GB,1724261824
392,arica,-18.475,-70.3042,17.13,77,100,5.14,CL,1724261647
393,zemio,5.0314,25.1361,19.61,99,100,1.39,CF,1724261827
394,uige,-7.6087,15.0613,25.49,42,66,2.66,AO,1724261828
395,olyokminsk,60.3736,120.4264,12.59,96,29,1.63,RU,1724261829
396,galveston,29.3669,-94.9669,36.12,63,68,4.18,US,1724261757
397,chinde,26.8212,87.7095,25.07,88,61,0.87,NP,1724261831
398,tobruk,32.0836,23.9764,27.73,75,0,3.83,LY,1724261832
399,holdrege,40.4403,-99.3698,27.36,69,0,4.63,US,1724261834
400,flin flon,54.7682,-101.865,23.91,78,75,2.06,CA,1724261835
401,kencong,-8.2833,113.3667,21.4,93,63,1.14,ID,1724261836
402,whakatane,-37.9585,176.9854,5.28,99,19,0.45,NZ,1724261837
403,crane,31.3974,-102.3501,38.36,15,3,5.76,US,1724261838
404,tindouf,27.6711,-8.1474,43.25,15,40,2.06,DZ,1724261839
405,sisimiut,66.9395,-53.6735,5.11,83,88,4.37,GL,1724261841
406,tefe,-3.3542,-64.7114,34.06,52,20,3.09,BR,1724261842
407,phan rang-thap cham,11.5667,108.9833,25.16,90,72,1.56,VN,1724261843
408,okahandja,-21.9833,16.9167,20.88,11,1,0.66,NA,1724261844
409,at taj,24.2049,23.2857,37.99,13,0,3.61,LY,1724261845
410,floro,61.5996,5.0328,14.98,72,75,10.8,NO,1724261846
411,key west,24.5557,-81.7826,32.0,66,20,2.57,US,1724261847
412,betio village,1.358,172.9211,27.02,67,38,5.68,KI,1724261849
413,guerrero negro,27.9769,-114.0611,28.85,49,9,2.48,MX,1724261850
414,pandan,14.0453,124.1694,26.91,88,71,1.55,PH,1724261851
415,douentza,14.9951,-2.9517,30.97,53,100,6.28,ML,1724261852
416,labytnangi,66.6572,66.4183,10.72,80,76,2.99,RU,1724261856
417,mariental,-24.6333,17.9667,23.91,9,9,4.16,NA,1724261857
418,el bauga,18.262,33.9081,39.15,17,87,6.75,SD,1724261858
419,inirida,3.8653,-67.9239,36.64,37,13,0.34,CO,1724261859
420,esquel,-42.9,-71.3167,5.32,62,59,1.19,AR,1724261860
421,vyazemskiy,47.5378,134.7525,20.91,95,100,1.89,RU,1724261862
422,yigo village,13.5361,144.8886,27.16,84,40,4.63,GU,1724261864
423,quellon,-43.1167,-73.6167,8.14,77,89,2.08,CL,1724261865
424,lihue,21.9789,-159.3672,25.77,81,75,6.69,US,1724261866
425,orivesi,61.6777,24.3572,18.75,72,10,3.13,FI,1724261867
426,tigwav,18.4314,-72.8669,30.69,65,22,1.69,HT,1724261869
427,bengkulu,-3.8004,102.2655,24.8,89,50,4.0,ID,1724261870
428,avallon,47.4833,3.9,17.25,65,52,1.4,FR,1724261871
429,xinzhi,36.4989,111.7047,25.4,56,33,1.45,CN,1724261872
430,sao gabriel da cachoeira,-0.1303,-67.0892,31.89,66,40,2.06,BR,1724261873
431,mitu,1.1983,-70.1733,36.89,32,14,0.26,CO,1724261874
432,nieves,15.3274,120.9485,25.59,89,94,1.14,PH,1724261876
433,mersing,2.4312,103.8405,25.95,89,20,2.57,MY,1724261877
434,scottburgh,-30.2867,30.7532,20.26,77,3,12.91,ZA,1724261878
435,minas de marcona,-15.2119,-75.1103,13.78,74,93,9.07,PE,1724261879
436,ohara,35.25,140.3833,25.83,88,100,3.6,JP,1724261880
437,contamana,-7.3333,-75.0167,38.01,28,18,2.22,PE,1724261881
438,severo-yeniseyskiy,60.3725,93.0408,10.68,97,98,1.46,RU,1724261882
439,alesund,62.4723,6.1549,16.16,77,20,3.09,NO,1724261884
440,castillos,-34.1667,-53.8333,14.44,98,100,4.38,UY,1724261885
441,kasongo,-4.45,26.6667,27.72,23,91,1.16,CD,1724261886
442,horta,38.5333,-28.6333,27.8,77,20,3.13,PT,1724261887
443,harare,-17.8294,31.0539,18.23,36,0,2.7,ZW,1724261888
444,east london,-33.0153,27.9116,14.52,67,20,12.35,ZA,1724261889
445,kattivakkam,13.2167,80.3167,29.52,85,100,6.23,IN,1724261891
446,wewak,-3.5534,143.6268,26.07,89,81,5.0,PG,1724261892
447,caraballeda,10.6112,-66.8522,30.04,70,19,4.12,VE,1724261893
448,ust'-uda,54.1742,103.0304,13.84,77,19,1.0,RU,1724261894
449,trondheim,63.4305,10.3951,15.03,93,100,0.89,NO,1724261699
450,siquirres,10.0975,-83.5066,28.73,80,96,1.88,CR,1724261898
451,henderson,36.0397,-114.9819,38.71,9,0,7.72,US,1724261899
452,teonthar,24.9833,81.65,28.74,80,100,2.13,IN,1724261900
453,iquique,-20.2208,-70.1431,16.81,80,19,6.08,CL,1724261901
454,comodoro rivadavia,-45.8667,-67.5,5.92,87,100,5.14,AR,1724261638
455,cockburn town,21.4612,-71.1419,33.98,62,40,7.2,TC,1724261905
456,mwinilunga,-11.7358,24.4293,20.14,25,83,1.74,ZM,1724261906
457,fortuna,40.5982,-124.1573,20.19,76,40,4.63,US,1724261907
458,dinard,48.6314,-2.0614,20.91,56,0,3.09,FR,1724261908
459,xining,36.6167,101.7667,15.25,56,49,1.41,CN,1724261755
460,fredericton,45.9454,-66.6656,18.58,91,100,5.14,CA,1724261688
461,fonte boa,-2.4959,-66.2662,38.32,25,8,0.62,BR,1724261912
462,farah,32.5,62.5,27.62,12,0,1.76,AF,1724261913
463,san antonio de pale,-1.4014,5.6325,23.33,77,45,2.81,GQ,1724261914
464,banda aceh,5.5577,95.3222,26.34,82,100,2.92,ID,1724261915
465,kyzylorda,44.8528,65.5092,20.01,56,0,3.0,KZ,1724261916
466,rongelap,11.1635,166.8941,27.91,79,39,4.85,MH,1724261917
467,bondo,3.8146,23.6866,19.61,99,100,1.15,CD,1724261919
468,moengo,5.6167,-54.4,36.66,34,39,1.37,SR,1724261920
469,newman,37.3138,-121.0208,30.47,22,0,1.42,US,1724261921
470,tutoia,-2.7619,-42.2744,28.35,69,6,6.48,BR,1724261922
471,zaragoza,41.6561,-0.8773,32.25,29,0,2.06,ES,1724261783
472,sinop,41.7711,34.8709,23.44,48,76,2.4,TR,1724261924
473,khandyga,62.6667,135.6,10.66,81,88,0.47,RU,1724261925
474,goderich,43.7501,-81.7165,19.18,55,8,5.66,CA,1724261927
475,dakhla,23.6848,-15.958,24.01,78,49,8.75,EH,1724261929
476,mejit,10.2753,170.8646,27.84,76,82,5.01,MH,1724261930
477,nema,57.5067,50.5011,13.74,82,30,4.21,RU,1724261931
478,banda,25.4833,80.3333,29.42,79,100,1.61,IN,1724261932
479,hanzhong,33.0728,107.0303,24.09,81,5,0.46,CN,1724261934
480,conception bay south,47.4999,-52.9981,23.53,93,75,5.66,CA,1724261935
481,longboat key,27.4125,-82.659,32.22,75,100,4.63,US,1724261936
482,yasothon,15.75,104.1333,26.94,85,100,2.46,TH,1724261937
483,ulsteinvik,62.3432,5.8487,16.5,67,75,2.68,NO,1724261921
484,kargasok,59.0556,80.8572,12.68,91,99,2.91,RU,1724261939
485,nar'yan-mar,67.6713,53.087,6.86,94,57,2.91,RU,1724261940
486,nadym,65.5333,72.5167,12.32,71,11,2.97,RU,1724261942
487,santos dumont,-21.4567,-43.5525,27.78,23,0,3.31,BR,1724261943
488,mahavelona,-17.6848,49.5087,19.97,87,12,5.06,MG,1724261944
489,kristiansund,63.1115,7.732,16.18,72,40,2.57,NO,1724261945
490,chumphon,10.3333,98.8333,23.18,97,100,0.95,TH,1724261946
491,ain sukhna,29.6002,32.3167,30.45,50,0,3.66,EG,1724261947
492,harrisburg,40.2737,-76.8844,22.6,52,40,5.81,US,1724261705
493,lamu,-2.2717,40.902,24.64,80,10,6.89,KE,1724261950
494,tadine,-21.55,167.8833,18.17,78,87,5.03,NC,1724261951
495,syanno,54.8106,29.7069,22.31,70,87,3.81,BY,1724261952
496,seminole,28.7086,-81.2081,33.2,77,33,0.89,US,1724261953
497,lira,2.235,32.9097,18.45,94,98,2.13,UG,1724261954
498,trujillo,-8.116,-79.03,16.98,88,100,3.6,PE,1724261426
499,bonnyrigg,55.8733,-3.1051,15.81,83,100,8.75,GB,1724261957
500,yola,9.2,12.4833,27.33,67,99,2.4,NG,1724261958
501,matthew town,20.95,-73.6667,31.14,65,29,7.07,BS,1724261959
502,korla,41.7597,86.1469,27.23,31,2,3.76,CN,1724261960
503,kanniyakumari,8.0833,77.5667,25.79,82,99,5.51,IN,1724261961
504,palompon,11.0508,124.3843,27.14,80,98,1.48,PH,1724261962
505,ibiapina,-3.9233,-40.8894,32.22,23,2,3.52,BR,1724261963
506,shimoda,34.6667,138.95,25.89,89,100,0.98,JP,1724261965
507,tofol,5.3248,163.0078,28.33,74,19,3.43,FM,1724261966
508,ranau,5.9538,116.6641,20.33,92,88,0.27,MY,1724261967
509,peace river,56.2501,-117.286,13.17,87,100,7.2,CA,1724261968
510,masterton,-40.9597,175.6575,4.53,97,12,1.68,NZ,1724261969
511,tsimlyansk,47.6461,42.1019,26.91,33,17,4.52,RU,1724261970
512,lata,40.1629,-8.3327,25.8,44,4,2.82,PT,1724261972
513,murashi,59.3999,48.9615,12.04,89,18,3.0,RU,1724261973
514,barra de santo antonio,-9.4047,-35.5072,25.63,77,37,4.4,BR,1724261974
515,mahina,-17.5065,-149.489,24.87,65,40,2.57,PF,1724261975
516,alotau,-10.3069,150.4462,24.13,94,100,1.53,PG,1724261977
517,sechura,-5.5569,-80.8222,17.94,84,32,6.54,PE,1724261978
518,yaren,-0.5472,166.916,28.87,68,100,7.4,NR,1724261980
519,choibalsan,48.0667,114.5,17.16,86,22,2.4,MN,1724261981
520,gonabad,34.3529,58.6837,24.58,18,0,6.02,IR,1724261982
521,ponta delgada,37.7333,-25.6667,27.4,74,20,5.66,PT,1724261983
522,ceeldheer,3.8488,47.1806,24.88,78,78,7.48,SO,1724261984
523,wailea,19.8858,-155.123,24.51,89,23,6.63,US,1724261986
524,ciudad bolivar,8.1222,-63.5497,35.66,40,31,1.29,VE,1724261987
525,laojunmiao,39.8333,97.7333,21.78,31,93,1.96,CN,1724261988
526,sola,-13.8833,167.55,25.59,79,13,11.69,VU,1724261989
527,krasnovishersk,60.4078,57.082,13.03,98,97,2.58,RU,1724261990
528,narrabri,-30.3167,149.7833,10.85,91,94,1.15,AU,1724261991
529,mokopane,-24.1944,29.0097,19.25,19,0,0.54,ZA,1724261993
530,pisco,-13.7,-76.2167,20.03,68,0,6.69,PE,1724261994
531,zaozhuang,34.8647,117.5542,23.44,90,3,1.74,CN,1724261995
532,aripuana,-9.1667,-60.6333,39.38,16,10,2.18,BR,1724261996
533,kalmunai,7.4167,81.8167,24.73,91,100,1.06,LK,1724261997
534,torghay,49.6339,63.4981,22.36,50,90,1.51,KZ,1724261998
535,arti,56.4234,58.5328,10.36,98,98,2.82,RU,1724262000
536,tsiombe,-25.3,45.4833,18.96,65,0,2.96,MG,1724262001
537,chapaev,50.2,51.1667,23.88,49,31,3.86,KZ,1724262002
538,flying fish cove,-10.4217,105.6791,24.82,88,100,5.66,CX,1724262003
539,ugoofaaru,5.6667,73.0,27.83,78,98,6.95,MV,1724262004
540,hue,16.4667,107.6,29.06,70,40,2.06,VN,1724262005
541,umm kaddadah,13.6017,26.6876,31.29,46,94,7.57,SD,1724262007
542,kokopo,-4.352,152.2633,26.03,84,54,5.97,PG,1724262008
543,noosa heads,-26.3833,153.15,17.04,91,78,3.41,AU,1724262009
544,nuku'alofa,-21.1333,-175.2,22.19,94,40,4.12,TO,1724262011
545,yepocapa,14.5042,-90.9569,24.32,66,7,2.63,GT,1724262012
546,moose jaw,50.4001,-105.5344,22.14,53,75,5.66,CA,1724262014
547,vernon,50.2581,-119.2691,22.18,43,32,1.54,CA,1724261940
548,fallon,39.4735,-118.7774,25.62,23,0,1.43,US,1724262016
549,kolokani,13.5728,-8.0339,26.99,76,69,2.41,ML,1724262018
550,joensuu,62.6012,29.7632,18.27,52,0,5.14,FI,1724262020
551,yarmouth,41.7057,-70.2286,23.03,60,40,6.17,US,1724262021
552,boyolangu,-8.1181,111.8935,21.23,95,87,1.75,ID,1724262022
553,thunder bay,48.4001,-89.3168,21.99,64,20,1.54,CA,1724262023
554,port augusta,-32.5,137.7667,11.91,88,86,1.86,AU,1724262024
